[{"id":"26691066-9326-485b-a8cf-6e6f22521e5d","name":"Like what you see?","codename":"like_what_you_see_","type":{"id":"b581441c-70bd-4951-9cfb-8c3db67d752c"},"collection":{"id":"00000000-0000-0000-0000-000000000000"},"sitemap_locations":[],"last_modified":"2022-04-21T10:29:34.9586993Z"},{"id":"37311d21-1855-4ea3-a41e-87fe1f9256e1","name":"Why You Should Attend","codename":"why_you_should_attend","type":{"id":"a8d0186e-4666-4db1-b7cf-e06b82a08eb6"},"collection":{"id":"00000000-0000-0000-0000-000000000000"},"sitemap_locations":[],"last_modified":"2022-04-21T10:38:39.3956682Z"},{"id":"ac0f2bc8-6418-4379-933f-8438ff92aac9","name":"3rd party scripts and performance","codename":"n3rd_party_scripts_and_performance","type":{"id":"e2f0df51-8918-447e-9c51-7bbc3c114029"},"collection":{"id":"00000000-0000-0000-0000-000000000000"},"sitemap_locations":[],"last_modified":"2022-04-21T10:39:05.7433176Z"},{"id":"1dded831-7c25-47cc-83c2-9beb7f48a043","name":"Edge-side computing basics","codename":"edge_side_computing_basics","type":{"id":"e2f0df51-8918-447e-9c51-7bbc3c114029"},"collection":{"id":"00000000-0000-0000-0000-000000000000"},"sitemap_locations":[],"last_modified":"2022-04-21T10:39:43.4686565Z"},{"id":"e16b06c7-c1ff-4e3f-ad65-04f0ac5b9313","name":"Personalization the for developers","codename":"personalization_the_for_developers","type":{"id":"e2f0df51-8918-447e-9c51-7bbc3c114029"},"collection":{"id":"00000000-0000-0000-0000-000000000000"},"sitemap_locations":[],"last_modified":"2022-04-21T10:40:07.0047084Z"},{"id":"3f79690a-3b14-4914-8cf5-e13b912ba723","name":"What marketers need to know about 3rd party scripts","codename":"untitled_content_item","type":{"id":"e2f0df51-8918-447e-9c51-7bbc3c114029"},"collection":{"id":"00000000-0000-0000-0000-000000000000"},"sitemap_locations":[],"last_modified":"2022-04-21T10:40:41.5418511Z"},{"id":"0f3d8b5c-03a9-465b-822d-199387e92ed8","name":"Personalization the Jamstack way","codename":"untitled_content_item_0f3d8b5","type":{"id":"e2f0df51-8918-447e-9c51-7bbc3c114029"},"collection":{"id":"00000000-0000-0000-0000-000000000000"},"sitemap_locations":[],"last_modified":"2022-04-21T10:41:08.578561Z"},{"id":"40b7026a-aa8e-4633-9c99-23bb6278582b","name":"Jamstack for Enterprise Architects","codename":"jamstack_for_enterprise_architects","type":{"id":"e2f0df51-8918-447e-9c51-7bbc3c114029"},"collection":{"id":"00000000-0000-0000-0000-000000000000"},"sitemap_locations":[],"last_modified":"2022-04-21T10:41:22.2291627Z"},{"id":"cfcfe6ca-40bd-45b9-850a-27a3c5779e2f","name":"What's next in Next.js?","codename":"what_s_next_in_next_js_","type":{"id":"e2f0df51-8918-447e-9c51-7bbc3c114029"},"collection":{"id":"00000000-0000-0000-0000-000000000000"},"sitemap_locations":[],"last_modified":"2022-04-21T10:41:38.9511713Z"},{"id":"874fd3a6-c96e-4903-8088-c7582cc07451","name":"Jamstack 101","codename":"untitled_content_item_874fd3a","type":{"id":"e2f0df51-8918-447e-9c51-7bbc3c114029"},"collection":{"id":"00000000-0000-0000-0000-000000000000"},"sitemap_locations":[],"last_modified":"2022-04-21T10:42:00.1390593Z"},{"id":"f0bd5f07-0772-454b-9e53-8f099f864fa5","name":"Register Now!","codename":"register_now_","type":{"id":"43663a79-62d1-45a7-afeb-58c6b8e07c4c"},"collection":{"id":"00000000-0000-0000-0000-000000000000"},"sitemap_locations":[],"last_modified":"2022-04-21T10:42:16.0938375Z"},{"id":"c10b3f81-5d73-4eae-8b19-70b091b84096","name":"Our conference talks","codename":"our_conference_talks","type":{"id":"b14d1539-95b8-4ce9-9025-8663977fdc6e"},"collection":{"id":"00000000-0000-0000-0000-000000000000"},"sitemap_locations":[],"last_modified":"2022-04-21T10:42:39.2358521Z"},{"id":"251db1d4-3ad7-4edc-924b-51d7a09a5566","name":"Personalized talks for developers","codename":"personalized_talks_for_developers","type":{"id":"b14d1539-95b8-4ce9-9025-8663977fdc6e"},"collection":{"id":"00000000-0000-0000-0000-000000000000"},"sitemap_locations":[],"last_modified":"2022-04-21T10:49:29.7274657Z"},{"id":"c799afef-17f6-45a7-a672-1aea931ae685","name":"Personalized talks for marketers","codename":"personalized_talks_for_marketers","type":{"id":"b14d1539-95b8-4ce9-9025-8663977fdc6e"},"collection":{"id":"00000000-0000-0000-0000-000000000000"},"sitemap_locations":[],"last_modified":"2022-04-21T10:50:16.8405774Z"},{"id":"133cb8ff-5dff-4238-a23d-9dee511fa1a1","name":"Home page talks","codename":"untitled_content_item_133cb8f","type":{"id":"01eb7f0b-e3fd-4ebd-bf4b-2356634154ed"},"collection":{"id":"00000000-0000-0000-0000-000000000000"},"sitemap_locations":[],"last_modified":"2022-04-21T12:42:47.073659Z"},{"id":"9f3d7d76-2697-40b5-93ed-43916973728d","name":"Homepage Hero","codename":"homepage_hero","type":{"id":"68b51f00-b654-49e8-b07e-2cc0a9ebcd3d"},"collection":{"id":"00000000-0000-0000-0000-000000000000"},"sitemap_locations":[],"last_modified":"2022-04-21T10:52:28.2416754Z"},{"id":"9bdaad43-2cd5-41c3-a9f1-4497256f0262","name":"Developer Hero","codename":"developer_hero","type":{"id":"6c379ad9-4b08-4e69-933f-238dce7db1de"},"collection":{"id":"00000000-0000-0000-0000-000000000000"},"sitemap_locations":[],"last_modified":"2022-04-21T11:56:50.9768616Z"},{"id":"a04e735f-35fe-48c5-892e-990e694c1922","name":"Thank you for joining!","codename":"thank_you_for_joining_","type":{"id":"6c379ad9-4b08-4e69-933f-238dce7db1de"},"collection":{"id":"00000000-0000-0000-0000-000000000000"},"sitemap_locations":[],"last_modified":"2022-04-21T12:37:50.5057666Z"},{"id":"1e900af5-444b-4a95-a2f2-e0f0e8273e15","name":"Call for papers open now!","codename":"call_for_papers_open_now_","type":{"id":"6c379ad9-4b08-4e69-933f-238dce7db1de"},"collection":{"id":"00000000-0000-0000-0000-000000000000"},"sitemap_locations":[],"last_modified":"2022-04-21T12:38:47.7970613Z"},{"id":"1993a675-9211-4c02-8798-1ea1c7998e98","name":"Developer Content","codename":"developer_content","type":{"id":"6c379ad9-4b08-4e69-933f-238dce7db1de"},"collection":{"id":"00000000-0000-0000-0000-000000000000"},"sitemap_locations":[],"last_modified":"2022-04-21T12:39:22.2720855Z"},{"id":"47b77b94-862b-4063-9607-8a290ef2338e","name":"Marketer Content","codename":"marketer_content","type":{"id":"6c379ad9-4b08-4e69-933f-238dce7db1de"},"collection":{"id":"00000000-0000-0000-0000-000000000000"},"sitemap_locations":[],"last_modified":"2022-04-21T12:40:03.3472112Z"},{"id":"cf37bddd-8cf2-45e4-99fd-834040358eb9","name":"Welcome to UniformConf","codename":"welcome_to_uniformconf","type":{"id":"6c379ad9-4b08-4e69-933f-238dce7db1de"},"collection":{"id":"00000000-0000-0000-0000-000000000000"},"sitemap_locations":[],"last_modified":"2022-04-21T12:40:28.2646255Z"},{"id":"8422e860-62d2-4786-835f-550adc094d6c","name":"Marketer Hero","codename":"marketer_hero","type":{"id":"6c379ad9-4b08-4e69-933f-238dce7db1de"},"collection":{"id":"00000000-0000-0000-0000-000000000000"},"sitemap_locations":[],"last_modified":"2022-04-21T12:41:15.1749276Z"},{"id":"9eaac7e4-78ee-4bb3-a638-516087ea639f","name":"Home Page","codename":"home_page","type":{"id":"bdb6b6a6-821b-450a-ab45-61ac9d402467"},"collection":{"id":"00000000-0000-0000-0000-000000000000"},"sitemap_locations":[],"last_modified":"2022-04-21T12:42:15.7340806Z"},{"id":"e472b597-7d70-4cb3-b9ce-e22f41c48535","name":"Marketer Content","codename":"marketer_content_e472b59","type":{"id":"bdb6b6a6-821b-450a-ab45-61ac9d402467"},"collection":{"id":"00000000-0000-0000-0000-000000000000"},"sitemap_locations":[],"last_modified":"2022-04-21T12:43:00.6830143Z"},{"id":"23635a5b-46be-44d7-89db-5bf53409b508","name":"Developer Content","codename":"developer_content_23635a5","type":{"id":"bdb6b6a6-821b-450a-ab45-61ac9d402467"},"collection":{"id":"00000000-0000-0000-0000-000000000000"},"sitemap_locations":[],"last_modified":"2022-04-21T12:43:41.9140916Z"},{"id":"09d93d1c-5447-4c50-9afa-a1624fd93593","name":"Registration","codename":"registration","type":{"id":"bdb6b6a6-821b-450a-ab45-61ac9d402467"},"collection":{"id":"00000000-0000-0000-0000-000000000000"},"sitemap_locations":[],"last_modified":"2022-04-21T12:44:04.2322637Z"}]