[{"id":"36892c71-65ba-4fed-a1ab-7753f4fa4faa","name":"Draft","codename":"draft","transitions_to":["343e5628-375a-452f-9748-5a36360d700c","c199950d-99f0-4983-b711-6c4c91624b22","7a535a69-ad34-47f8-806a-def1fdf4d391"]},{"id":"343e5628-375a-452f-9748-5a36360d700c","name":"Review","codename":"review","transitions_to":["36892c71-65ba-4fed-a1ab-7753f4fa4faa","c199950d-99f0-4983-b711-6c4c91624b22","7a535a69-ad34-47f8-806a-def1fdf4d391"]},{"id":"9d2b0228-4d0d-4c23-8b49-01a698857709","name":"Scheduled","codename":"scheduled","transitions_to":[]},{"id":"c199950d-99f0-4983-b711-6c4c91624b22","name":"Published","codename":"published","transitions_to":[]},{"id":"7a535a69-ad34-47f8-806a-def1fdf4d391","name":"Archived","codename":"archived","transitions_to":[]}]